2,Barbara,Hoover,Y,GREENLAND,59cfL9Fbpv,Barbara.Hoover@lawyer.com
56,John,Gray,Y,CHINA,r92,John.Gray@gmx.pt
272,William,Anderson,N,ARUBA,6WPXsZiB,William.Anderson@safe-mail.net
434,John,Hull,N,TAJIKISTAN,1wafjp97EFvbo,John.Hull@deadaddress.com
458,David,Taylor,N,NAMIBIA,OLkrywHyltSrB,David.Taylor@quake0.de
488,Nicole,Brown,N,NAURU,QZ5ade59g,Nicole.Brown@hush.ai
596,Melanie,Bell,Y,MOLDOVA, REPUBLIC OF,w3,Melanie.Bell@stoned.com
650,Gary,Moses,N,BELGIUM,J,Gary.Moses@gmx.ph
981,Charlie,Carranza,Y,JAPAN,iaP,Charlie.Carranza@lawyer.com
1197,Earl,Goodrich,Y,COOK ISLANDS,6YjMbFHg,Earl.Goodrich@soodonims.com
1305,Tracy,Brown,Y,ITALY,AwE,Tracy.Brown@shtrudel.tv
1359,Stephen,Ball,N,BELGIUM,RbhzdNnvT,Stephen.Ball@whale-mail.com
1413,Velma,Rodriquez,N,ETHIOPIA,DoZHTgADlZuX,Velma.Rodriquez@hush.com
1467,Ginger,Pettway,Y,TURKEY,YDTF3wulDWp,Ginger.Pettway@deacons.com
1629,Silvia,Drury,N,UNITED STATES,K,Silvia.Drury@gmx.co.uk
1683,Debra,Lindsay,Y,ECUADOR,3JqjPsi8XyNj,Debra.Lindsay@mail.be
1737,Amber,Collins,N,AFGHANISTAN,cJPahgs1gsRa,Amber.Collins@mail.com
1845,Bobby,Meek,Y,MYANMAR,35Kmm5v0BBgcN,Bobby.Meek@usa.com
1899,Luke,Mcgee,N,BELARUS,j,Luke.Mcgee@hotmail.com
1953,Byron,Powell,N,CHRISTMAS ISLAND,z5PW5,Byron.Powell@london.com
2007,Jessie,Mcgill,N,CHRISTMAS ISLAND,jOp5mvDiFgy,Jessie.Mcgill@kify.net
2061,James,Neal,Y,C�TE D'IVOIRE,HVHG,James.Neal@mac.hush.com
2169,Marcos,Craig,N,NORFOLK ISLAND,N5b,Marcos.Craig@mailmaniacs.com
2223,Teri,Phillips,Y,RWANDA,b95ud9PpajK,Teri.Phillips@shtrudel.org
2277,Sara,Spencer,Y,MAURITIUS,M,Sara.Spencer@deadaddress.com
2493,Melissa,Caban,N,COSTA RICA,6bdq,Melissa.Caban@moose-mail.com
2608,Mark,Pittman,Y,URUGUAY,r6,Mark.Pittman@mac.hush.com
2655,Crystal,Rice,Y,YEMEN,RcR3J6x9,Crystal.Rice@netdove.net
2770,Stephen,Garner,Y,BULGARIA,4j5GIXCKkDP7,Stephen.Garner@webmail.co.za
2878,Emmanuel,Walsh,N,MARTINIQUE,HNhvCd,Emmanuel.Walsh@moose-mail.com
2932,Shannan,Lewis,N,ALGERIA,vgt,Shannan.Lewis@hushmail.me
2986,Latasha,Raymond,N,CHINA,gQeL4,Latasha.Raymond@RespectAnimals.com
3094,Gene,Soto,Y,NIUE,2HFOzFXFAMn,Gene.Soto@snail-mail.net
3256,Ana,Davis,Y,TURKEY,trV,Ana.Davis@myway.com
3526,Kathleen,Durham,Y,TOKELAU,jmoMjanM,Kathleen.Durham@gmail.com
3688,Robert,Randolph,Y,PALAU,lmdRi9,Robert.Randolph@shtrudel.tv
3742,Richard,Webster,Y,FINLAND,xl,Richard.Webster@aussiemail.com.au
3796,Elizabeth,Wallace,N,KAZAKHSTAN,rsh,Elizabeth.Wallace@gmail.com
4343,Jo,Gaffney,Y,KOREA, REPUBLIC OF,Gxwbmx7,
4451,Laurie,Mcdaniel,N,PUERTO RICO,xL1y7,Laurie.Mcdaniel@gmx.it
4505,Elizabeth,Butler,N,IRAQ,8yBeH16MC,Elizabeth.Butler@RespectAnimals.com
4559,Julie,Townsend,Y,MAURITANIA,WVBLk,Julie.Townsend@shtrudel.net
4613,Deborah,Barrett,Y,GUINEA-BISSAU,1si9b8GgIj5,Deborah.Barrett@stoned.com
4667,Kent,Turner,Y,PUERTO RICO,jwb9KH,Kent.Turner@privacyharbor.com
4721,Shelia,Jones,Y,MAYOTTE,cOo42Kby3,Shelia.Jones@wraped.net
4775,Vita,Morin,N,CANADA,ynbCjlGn0l,Vita.Morin@mail2world.com
4883,Joshua,Day,Y,ANGOLA,vZ,Joshua.Day@SaveWildlife.com
5099,Karl,Sullivan,Y,TOGO,X0zC1ddkc,Karl.Sullivan@shtrudel.tv
5153,Linda,Allison,N,LEBANON,VmvIcKMDVICEW,Linda.Allison@mailmetrash.com
5207,Randy,Caballero,N,BOTSWANA,d4,Randy.Caballero@usa.com
5261,Michele,Harris,N,MAURITIUS,JDrH,Michele.Harris@stoned.com
5315,Lisa,Jackson,N,SAINT LUCIA,9iAjGpPd0aU,Lisa.Jackson@ProtectAnimals.com
5423,Elvira,Booker,Y,MAYOTTE,jfxxjgKVOxZTd,Elvira.Booker@aggies.com
5862,Charles,Shultz,N,MALDIVES,h5V48WciYgTTo,Charles.Shultz@vfemail.net
5970,John,Holland,N,BURUNDI,zzJR88m,John.Holland@hush.com
6024,Mae,Davidson,N,JERSEY,bb0d8BHo1bI,Mae.Davidson@12Freeukisp.co.uk
6141,Troy,Boone,N,NICARAGUA,qA,Troy.Boone@gmx.com.my
6510,Anthony,Jones,N,MONACO,a2EllhsvjSSxa,Anthony.Jones@shtrudel.com
6564,Robert,Swartz,Y,SAINT LUCIA,9c3RzLdNoew,Robert.Swartz@hushmail.com
6672,Rosalie,Andrews,Y,TONGA,rXHp5hG,Rosalie.Andrews@snail-mail.net
6942,Beverly,Mott,Y,SERBIA,k16abwFeHcYab,Beverly.Mott@doctor.com
7152,James,Bradshaw,N,NIUE,MOG1oGmwlTauz,James.Bradshaw@myway.com
7381,Branden,Pope,Y,SWITZERLAND,gmpRr3k,Branden.Pope@lawyer.com
7435,Christopher,Houston,Y,NIUE,Ak4D8,Christopher.Houston@gmx.sg
7489,Roy,White,Y,PERU,jv6L1xK7r,Roy.White@consultant.com
7651,Edna,Ratliff,N,GUATEMALA,QdscL0X6rOReR,Edna.Ratliff@hushmail.com
7705,Robert,Bowser,Y,BELARUS,8BzXSFhlqild,Robert.Bowser@kify.net
7813,Carlton,Worthy,Y,GUATEMALA,Pgkc,Carlton.Worthy@lawyer.com
7921,Arlene,Clawson,N,TOKELAU,VkCpcSfq1ot,Arlene.Clawson@born2frag.de
8029,Sue,Robinson,Y,ZAMBIA,hsHD,Sue.Robinson@gmx.it
8083,Jason,Griffin,N,ARUBA,2STNeAfARsv,Jason.Griffin@aussiemail.com.au
8191,Kimberly,Byrd,N,CUBA,djyVedfDn08wW,Kimberly.Byrd@aggies.com
8569,Samantha,Davis,N,GAMBIA,7jQdZCeSNyd3R,Samantha.Davis@operamail.com
8684,Travis,Tripp,Y,BOTSWANA,f,Travis.Tripp@stoned.com
8731,James,Dabney,Y,ARGENTINA,2SV4Azwhu,James.Dabney@gmx.hk
8792,Vern,Scott,N,SYRIAN ARAB REPUBLIC,hHa2qNG,Vern.Scott@moose-mail.com
8846,Jose,Sinclair,Y,SINGAPORE,qDCjiM0cv25y,Jose.Sinclair@shtrudel.tv
8954,Keith,Grimes,N,SAMOA,P,Keith.Grimes@lavabit.com
9062,Sandra,Clark,N,NIUE,CqqKBMP8h,Sandra.Clark@soodonims.com
9170,Richard,Ross,Y,WESTERN SAHARA,goz,Richard.Ross@mac.hush.com
9224,James,Robey,Y,LITHUANIA,Kxc,James.Robey@mail2world.com
9278,James,Sawyer,N,INDONESIA,h9u3Dueas,James.Sawyer@post.com
9286,David,Fleming,N,CANADA,law,David.Fleming@fastemailer.com
9386,Pam,Reiter,Y,CAMEROON,B6QCxYO3,Pam.Reiter@hushmail.com
9494,Brenda,Collins,Y,WESTERN SAHARA,39ck0m1QvPOY,Brenda.Collins@operamail.com
9548,Julia,Johnson,Y,SINGAPORE,lbQ0,Julia.Johnson@europe.com
9656,Juan,Zamora,Y,LIECHTENSTEIN,akc1Dw,Juan.Zamora@gmx.us
9764,Ruth,Smith,N,SAN MARINO,vPfG,Ruth.Smith@usa.com
9818,Mark,Patton,Y,PAKISTAN,YVsSMW0OvQ,Mark.Patton@snail-mail.net
9926,Keith,Tuttle,Y,SENEGAL,368codJPLpM,Keith.Tuttle@macgui.com
10365,Gordon,Thurman,Y,FRANCE,Sq,Gordon.Thurman@icqmail.com
10689,Bradley,Combs,Y,TUVALU,7GweTvDru,Bradley.Combs@privacyharbor.com
10743,Charles,Pope,Y,GEORGIA,ab5AJTMDc1k,Charles.Pope@macgui.com
10797,Michael,Rivera,N,CAMEROON,DM5o,Michael.Rivera@mailmetrash.com
10851,Maribeth,Lewis,N,ARUBA,ca1TH6,Maribeth.Lewis@vegemail.com
10905,Kyle,Alston,Y,JORDAN,xCNID,Kyle.Alston@box.az
10959,Cory,Chapa,Y,NETHERLANDS,57KScRW,Cory.Chapa@gawab.com
11079,Karen,French,Y,BHUTAN,CsM,Karen.French@mac.hush.com
11175,Donna,Souza,Y,ANTIGUA AND BARBUDA,Vmn3kcV0,Donna.Souza@buffaloes.com
11283,William,Rivera,N,NAURU,I7HgT,William.Rivera@enveloped.org
